_c0,_c1,_c2,_c3,_c4,_c5,_c6,_c7
1,1385852400000,39,0.11098916961424417,0.16621436886121638,0.10920185950874473,0.16442705875571695,13.648437920592805
1,1385852400000,46,null,null,null,null,0.026137424264286602
1,1385853000000,39,0.16513682662061693,0.1763994583739133,0.030875085088185057,0.02730046487718618,13.330858194494864
1,1385853600000,0,0.029087774982685617,0.02730046487718618,null,null,null
1,1385853600000,39,0.18645109168870494,0.13658782275823106,0.05460092975437236,null,11.329552259939573
1,1385854200000,39,0.21965225800268914,0.38112896604000707,0.0825256641241584,0.13596355326563117,13.16616288096205
1,1385854800000,39,0.29511418007714996,0.11045039849394445,0.05460092975437236,0.07957531340575938,13.32165338919027
1,1385854800000,46,null,null,null,null,0.026137424264286602
1,1385855400000,39,0.052274848528573205,0.13542478214533146,0.05343788914147278,0.02730046487718618,12.434743835804813
1,1385856000000,0,0.026137424264286602,null,null,null,null
1,1385856000000,39,0.13533928377303134,0.12117425912694108,0.07957531340575938,0.0563882398598718,13.860352866846307
1,1385856600000,39,0.05460092975437236,0.05522519924697222,0.02730046487718618,0.029087774982685617,12.557325871001357
1,1385856600000,46,null,null,null,null,0.026137424264286602
1,1385857200000,0,0.052274848528573205,null,null,null,null
1,1385857200000,39,0.13301320254723217,0.1633495165151175,0.02730046487718618,0.026137424264286602,12.644994510871808
1,1385857800000,39,0.108663088388445,0.029712044475285478,null,0.05406215863407264,12.251732565747915
1,1385858400000,39,0.026137424264286602,0.02792473436978604,0.02730046487718618,0.1365023243859309,11.266504250571113
1,1385858400000,46,null,null,null,null,0.026137424264286602
1,1385859000000,39,0.05343788914147278,0.11992572014174135,0.02730046487718618,0.05460092975437236,10.106504550041493
1,1385859600000,0,0.02730046487718618,null,null,null,null
1,1385859600000,39,0.08190139463155853,0.11045039849394445,null,null,11.080714968921704
1,1385860200000,39,null,0.11161343910684401,null,0.0017873101054994376,8.649810554239233
1,1385860800000,226,0.026137424264286602,null,null,null,null
1,1385860800000,39,0.16380278926311706,0.14186425470242922,null,0.029087774982685617,8.730500950432289
1,1385860800000,46,null,null,null,null,0.026137424264286602
1,1385861400000,39,0.16263974865021752,0.0854760148425574,null,0.02730046487718618,8.487256303961315
1,1385862000000,39,0.058175549965371234,0.030875085088185057,0.026137424264286602,null,6.461942248736441
1,1385862600000,0,0.029087774982685617,null,null,null,null
1,1385862600000,39,0.2451654127743759,0.14311279368762891,null,0.052274848528573205,6.029285742579455
1,1385862600000,46,null,null,null,null,0.026137424264286602
1,1385863200000,0,0.05343788914147278,null,null,0.02730046487718618,null
1,1385863200000,39,0.19646518445680158,0.2190279885100893,0.0017873101054994376,null,6.0234329989682625
1,1385863800000,0,null,null,null,0.026137424264286602,null
1,1385863800000,39,0.10920185950874473,0.2440023721614763,0.026137424264286602,0.05343788914147278,6.95683973836449
1,1385864400000,0,null,null,null,0.0017873101054994376,null
1,1385864400000,39,0.4606187810734663,0.08610028433515728,null,null,6.907723777845611
1,1385864400000,46,null,null,null,null,0.026137424264286602
1,1385865000000,39,0.08073835401865896,0.029087774982685617,null,0.029712044475285478,6.712384093455014
1,1385865600000,0,0.052274848528573205,null,null,null,null
1,1385865600000,39,0.4095069731577927,0.0017873101054994376,0.07841227279285981,0.02730046487718618,6.879137233436531
1,1385866200000,0,0.02730046487718618,null,null,0.052274848528573205,null
1,1385866200000,39,0.10750004777554542,0.030875085088185057,0.02730046487718618,0.05460092975437236,6.053097085617941
1,1385866800000,39,0.0017873101054994376,0.003574620210998875,null,null,6.339690447368898
1,1385866800000,46,null,null,null,null,0.026137424264286602
1,1385867400000,39,0.02792473436978604,0.05406215863407264,null,null,6.282811394214333
1,1385868000000,39,0.055225199246972216,0.10928735788104486,null,null,6.296021915538819
1,1385868600000,0,0.02730046487718618,null,null,0.02730046487718618,null
1,1385868600000,39,0.13533928377303134,0.1865365900610051,null,0.05460092975437236,5.602663394057172
1,1385868600000,46,null,null,null,null,0.026137424264286602
1,1385869200000,39,0.08073835401865896,0.055225199246972216,0.02730046487718618,null,5.5558359742173975
1,1385869800000,0,0.02730046487718618,null,null,null,null
1,1385869800000,39,0.02792473436978604,0.08377420310935813,null,0.10687577828294556,5.481035862182232
1,1385870400000,0,0.02730046487718618,null,null,null,null
1,1385870400000,39,0.02730046487718618,0.003574620210998875,0.0017873101054994376,null,4.928293056417815
1,1385870400000,46,null,null,null,null,0.026137424264286602
1,1385871000000,39,null,0.0017873101054994376,null,null,5.235294137740862
1,1385871600000,39,0.026137424264286602,0.003574620210998875,null,0.026137424264286602,5.343823769931402
1,1385872200000,39,null,0.08019958289835925,null,0.026137424264286602,5.357497981282796
1,1385872200000,46,null,null,null,null,0.026137424264286602
1,1385872800000,39,0.05343788914147278,0.029087774982685617,null,0.0017873101054994376,4.344392889561814
1,1385873400000,39,null,0.003574620210998875,null,0.026137424264286602,4.942175805060506
1,1385874000000,0,0.052274848528573205,null,null,null,null
1,1385874000000,39,0.026137424264286602,0.003574620210998875,null,0.052274848528573205,5.686560636085526
1,1385874600000,39,0.0017873101054994376,0.003574620210998875,null,0.02730046487718618,6.173524036333287
1,1385874600000,46,null,null,null,null,0.026137424264286602
1,1385875200000,0,0.02730046487718618,null,null,null,null
1,1385875200000,39,0.026137424264286602,0.0017873101054994376,null,null,6.202319118033664
1,1385875800000,0,0.026137424264286602,null,null,null,null
1,1385875800000,39,null,0.003574620210998875,null,0.02730046487718618,7.333268584127294
1,1385876400000,0,0.02730046487718618,null,null,null,null
1,1385876400000,39,0.02730046487718618,0.029087774982685617,0.029087774982685617,0.02730046487718618,7.428194139731149
1,1385876400000,46,null,null,null,null,0.026137424264286602
1,1385877000000,0,0.0017873101054994376,null,null,null,null
1,1385877000000,39,null,0.06711210049286842,0.08198689300385868,0.02730046487718618,5.721292617388109
1,1385877600000,39,null,0.029712044475285478,0.026137424264286602,0.052274848528573205,7.34390694638799
1,1385878200000,0,0.02730046487718618,null,null,null,null
1,1385878200000,39,null,0.008936550527497188,null,null,8.233570072860749
1,1385878200000,46,null,null,null,null,0.026137424264286602
1,1385878800000,39,null,0.003574620210998875,null,0.0854760148425574,8.017482017790147
1,1385879400000,39,0.052274848528573205,0.08314993361675826,0.026137424264286602,null,18.153189226020515
1,1385880000000,39,0.08073835401865896,0.030875085088185057,0.05460092975437236,0.07957531340575938,7.200132342661066
1,1385880600000,39,null,0.0017873101054994376,0.10750004777554542,0.029087774982685617,6.792535718527768
1,1385880600000,46,null,null,null,null,0.026137424264286602
1,1385881200000,0,0.16916471957961537,null,null,null,null
1,1385881200000,39,0.3318044682298329,0.030875085088185057,null,0.108663088388445,7.538094007444597
1,1385881800000,0,0.19351483373840253,null,null,null,null
1,1385881800000,39,0.21965225800268914,0.19118875251260342,0.07841227279285981,0.07841227279285981,8.46867343504142
1,1385882400000,0,0.4641934012844652,null,null,null,null
1,1385882400000,39,0.2499885719705745,0.11223770859944388,0.07841227279285981,0.08136262351125882,9.300540545584703
1,1385882400000,46,null,null,null,null,0.026137424264286602
1,1385883000000,0,0.3817532355326069,null,null,null,null
1,1385883000000,39,0.3485520692186227,0.1650513282483168,0.18761413230160454,0.2178649478971897,10.715965829494786
1,1385883600000,0,0.3812144644123073,null,null,0.05584946873957208,null
1,1385883600000,39,0.2708495642906629,0.3189255231156374,0.11340074921234344,0.13658782275823106,10.079375081908907
1,1385883600000,46,null,null,null,null,0.026137424264286602
1,1385884200000,0,0.42991469272988153,null,null,null,null
1,1385884200000,39,0.5948805226058982,0.2447121400263763,0.13658782275823106,0.3812144644123072,8.514103496090502
1,1385884800000,0,0.6977284079298454,null,null,null,null
1,1385884800000,39,0.6252168365737836,0.46212381517556644,0.2167874056565903,0.404487036330495,10.072188300940216
1,1385884800000,49,null,null,null,null,0.0017873101054994376
1,1385884800000,88239,null,null,null,null,0.02144772126599325
1,1385885400000,0,0.2631240122016704,null,null,null,null
1,1385885400000,39,0.40672761918399397,0.37298768174971003,0.3973377959084972,0.16683863835381624,10.142715784559677
1,1385885400000,48,0.052274848528573205,null,null,null,null
1,1385885400000,88239,null,null,null,null,0.00714924042199775
1,1385886000000,0,0.27550172674226125,null,null,null,null
1,1385886000000,39,0.5647152053826132,0.22197833922848834,0.24587518063927588,0.5106530467485405,10.590652398150048
1,1385886000000,41,null,null,0.02730046487718618,null,null
1,1385886600000,0,0.32062733484883665,null,null,null,null
1,1385886600000,33,null,null,null,null,0.026137424264286602
1,1385886600000,39,0.5695383645788117,0.1348005126527316,0.5089512350153411,0.35275095892222147,10.992348320846547
1,1385886600000,88239,null,null,null,null,0.008936550527497188
1,1385887200000,0,0.40735188867659383,null,null,null,null
1,1385887200000,39,0.46132854893836633,0.6495669507325708,0.5759778371359094,0.6811518036856558,10.399549144009745
1,1385887200000,41,0.026137424264286602,null,null,null,null
1,1385887200000,88239,null,null,null,null,0.019660411160493815
1,1385887800000,0,0.24936430247797461,null,null,null,null
1,1385887800000,33,null,null,null,null,0.026137424264286602
1,1385887800000,39,0.5855761977027015,0.2536486905538735,0.6300399957699822,0.6811518036856558,10.185797587443854
1,1385887800000,40,0.05460092975437236,0.05460092975437236,null,null,null
1,1385887800000,88239,null,null,null,null,0.008936550527497188
1,1385888400000,0,0.24346360104117662,null,null,null,null
1,1385888400000,39,0.4666049808825645,0.3455641779535287,0.3628505500626182,0.40860042766179355,11.041305044281025
1,1385888400000,40,null,null,null,0.02730046487718618,null
1,1385888400000,41,null,0.026137424264286602,null,null,null
1,1385888400000,88239,null,null,null,null,0.019660411160493815
1,1385889000000,0,0.3189255231156374,null,null,0.08073835401865896,null
1,1385889000000,39,0.649028179612271,0.2725513760238622,0.5706159068194112,0.922828094621333,12.21261667677083
1,1385889600000,0,0.46132854893836633,null,null,null,null
1,1385889600000,39,0.7124801615218403,0.5016789556743483,0.42709779820938776,0.5226254463667369,11.161892574462058
1,1385890200000,0,0.30163915100654787,null,null,null,null
1,1385890200000,33,null,null,null,null,0.026137424264286602
1,1385890200000,39,0.546265792660624,0.30575254233784643,0.4400142838702783,0.6361116939513805,12.404344200403735
1,1385890800000,0,0.323038914446936,null,null,null,null
1,1385890800000,39,0.6168670149921912,0.6073916933443942,0.3806756932920075,0.5630133936494138,14.032320459720113
1,1385891400000,0,0.21553886667139058,null,null,0.05343788914147278,null
1,1385891400000,39,0.4666904792548646,0.5503791839919226,0.8117534266347886,0.6015764902798963,14.446058916799519
1,1385892000000,0,0.11045039849394443,null,0.02730046487718618,0.02730046487718618,null
1,1385892000000,32,null,null,0.05460092975437236,null,null
1,1385892000000,39,1.06908801665846,0.4950684863726503,0.5950515193504985,0.42397645074638846,13.005002385527435
1,1385892000000,46,null,null,null,null,0.026137424264286602
1,1385892000000,49,null,null,0.02730046487718618,null,null
1,1385892600000,0,0.3479277997260229,null,null,null,null
1,1385892600000,32,null,null,0.02730046487718618,null,null
1,1385892600000,39,0.533802579747733,0.4708038705861632,0.663694434831966,0.6008667224149963,13.998532564460223
1,1385892600000,41,null,null,0.02730046487718618,null,null
1,1385892600000,46,null,null,null,null,0.0017873101054994376
1,1385893200000,0,0.378802884814208,null,0.02730046487718618,null,null
1,1385893200000,34,null,null,null,0.026137424264286602,null
1,1385893200000,39,0.7090765380554418,0.30646231020274645,0.3889879743269048,0.7897293937018007,12.966499006382753
1,1385893200000,41,0.026137424264286602,null,null,null,null
1,1385893800000,0,0.13953817347663006,null,null,null,null
1,1385893800000,39,0.4624915895512659,0.28801289748075726,0.7956300951385986,0.5790136862266086,13.084492200560893
1,1385893800000,40,null,null,null,0.026137424264286602,null
1,1385893800000,46,null,null,null,null,0.026137424264286602
1,1385894400000,0,0.22027652749528903,null,null,null,null
1,1385894400000,39,0.7660890474079135,0.34136528824992995,0.5416136302090256,0.6312885347551818,16.437576001866884
1,1385895000000,0,0.13417624316013174,null,0.05460092975437236,null,null
1,1385895000000,39,0.521291409009237,0.4310401927960861,0.3384149375315309,0.5754390660156098,13.057239693509313
1,1385895600000,0,0.2494498008502748,null,0.02730046487718618,null,null
1,1385895600000,39,0.6869670067501537,0.2505273430908742,0.9138060457215356,0.6484039101196711,12.020851612591233
1,1385895600000,46,null,null,null,null,0.026137424264286602
1,1385895600000,48,0.052274848528573205,0.026137424264286602,null,null,null
1,1385896200000,0,0.5861149688230013,null,null,0.026137424264286602,null
1,1385896200000,380,null,null,null,0.026137424264286602,null
1,1385896200000,39,0.864113773535662,0.5979163716965974,0.6294157262773823,0.8610779244449628,12.331646268695483
1,1385896800000,0,0.2992275714084486,null,null,null,null
1,1385896800000,39,0.7677908591411128,0.25356319218157336,0.6002424529223965,0.8408412016174742,13.25558944610411
1,1385897400000,0,0.24167629093567716,null,null,null,null
1,1385897400000,39,0.5960435632187978,0.4161174424594908,0.6816050764336554,0.7053309210998426,13.487742457566386
1,1385898000000,0,0.24408787053377645,null,null,0.0017873101054994376,null
1,1385898000000,39,1.197534555126394,0.4399287854979782,0.6061431543591946,0.5106530467485405,13.275521715989091
1,1385898000000,46,null,null,null,null,0.026137424264286602
1,1385898000000,55,0.02730046487718618,0.02730046487718618,null,null,null
1,1385898600000,0,0.13417624316013174,null,null,null,null
1,1385898600000,39,0.6496524491048709,0.22027652749528903,0.6484894084919712,0.5932642092449991,14.511549232981258
1,1385899200000,0,0.24283933154857673,null,null,null,null
1,1385899200000,39,0.5576514633329155,0.43456685518147986,0.40610334969139406,0.4340280840611801,12.204572650513027
1,1385899200000,49,null,null,null,null,0.0017873101054994376
1,1385899200000,91,null,null,null,0.0017873101054994376,null
1,1385899800000,0,0.16210097752991778,null,0.026137424264286602,null,null
1,1385899800000,39,0.6745413343839577,0.37647680358840874,0.3354645868131319,0.48701270045465334,13.629216760954009
1,1385899800000,40,null,null,null,0.026137424264286602,null
1,1385899800000,46,null,null,null,null,0.026137424264286602
1,1385900400000,0,0.133637472039832,null,null,0.003574620210998875,null
1,1385900400000,39,0.2701397964257629,0.1887771729145041,0.4578394270996676,0.19538764221620214,15.530050191618042
1,1385901000000,0,0.055225199246972216,null,null,null,null
1,1385901000000,39,0.1763994583739133,0.1425740225673292,0.21437582605849098,0.2720605627291676,14.208545317402034
1,1385901000000,41,0.10454969705714641,null,null,null,null
1,1385901600000,0,0.24641395175957564,null,null,0.0017873101054994376,null
1,1385901600000,32,null,null,0.026137424264286602,null,null
1,1385901600000,39,0.847280674174572,0.22090079698788886,0.4340280840611801,0.404487036330495,14.0427258461843
1,1385901600000,46,null,null,null,null,0.026137424264286602
1,1385902200000,0,0.13596355326563117,null,null,null,null
1,1385902200000,380,null,null,null,0.026137424264286602,null
1,1385902200000,39,0.6448292899086723,0.4108410105152926,0.2707640659183628,0.3004761103936483,13.953466673839449
1,1385902800000,0,0.18528805107580537,null,null,null,null
1,1385902800000,39,0.6378510462312748,0.5077026960301415,0.48638843096205353,0.5688285967139117,13.073374784665699
1,1385903400000,0,0.21142547534009198,null,null,null,null
1,1385903400000,380,null,null,null,0.026137424264286602,null
1,1385903400000,39,0.40797615816919364,0.481650770138155,0.584375616543107,0.3307269259892335,14.96295465847406
1,1385903400000,41,null,null,0.05460092975437236,null,null
1,1385904000000,0,0.13417624316013174,null,0.0017873101054994376,null,null
1,1385904000000,39,0.4833525818713543,0.30226342049914773,0.4601655083254667,0.5380390099980268,15.037920296303593
1,1385904000000,46,null,null,null,null,0.026137424264286602
1,1385904600000,0,0.24346360104117662,null,null,null,null
1,1385904600000,39,1.071169362427555,0.32241464495433614,0.3497151098315223,0.3907752844324043,16.62679468786919
1,1385905200000,0,0.16272524702251764,null,null,null,null
1,1385905200000,380,null,null,null,0.026137424264286602,null
1,1385905200000,39,0.40913919878209326,0.4281273826243821,0.40789065979689354,0.3830017745178067,14.730428401685852
1,1385905800000,0,0.18645109168870494,null,null,null,null
1,1385905800000,39,0.6281671872921826,0.6554676521693688,0.4810265006455552,0.3889024759546047,14.091867587589679
1,1385905800000,46,null,null,null,null,0.026137424264286602
1,1385906400000,0,0.19056448302000353,null,0.02730046487718618,null,null
1,1385906400000,39,0.8093418470366893,0.520581641144337,0.45962673720516706,0.2974402613029491,13.129655349214165
1,1385907000000,0,0.13712659387853077,null,0.0017873101054994376,null,null
1,1385907000000,380,null,null,null,0.02730046487718618,null
1,1385907000000,39,0.5746437997784097,0.46910205885296397,0.29690149018264944,0.3817532355326069,12.753520539114955
1,1385907000000,41,0.026137424264286602,null,null,null,null
1,1385907600000,0,0.29806453079554895,null,null,null,null
1,1385907600000,39,0.48746597320265295,0.24113751981537745,0.27138833541096263,0.27138833541096263,14.01053074496492
1,1385907600000,46,null,null,null,null,0.026137424264286602
1,1385908200000,0,0.13301320254723217,null,0.02730046487718618,null,null
1,1385908200000,39,0.6281671872921826,0.6031073052684954,0.40672761918399397,0.3081641219359457,12.133628092310975
1,1385908800000,0,0.15682454558571962,null,null,null,null
1,1385908800000,39,0.3836260440104065,0.2957384495697498,0.21911348688238946,0.38354054563810636,11.943063609290972
1,1385908800000,44,0.02730046487718618,null,null,null,null
1,1385909400000,0,0.05343788914147278,null,null,null,null
1,1385909400000,39,0.7024660687537437,0.2963627190623497,0.5391165522386262,0.3235776855672357,11.836801683221717
1,1385909400000,46,null,null,null,null,0.026137424264286602
1,1385910000000,0,0.2405132503227776,null,null,null,null
1,1385910000000,39,0.45077568504996995,0.4288371504892821,0.4898775528007522,0.4068131175562941,13.042807756467413
1,1385910600000,0,0.10803881889584513,null,null,null,null
1,1385910600000,20,null,null,null,0.026137424264286602,null
1,1385910600000,39,0.6276284161718828,0.223226878213688,0.38657639472880556,0.5438542130625247,12.61504814821873
1,1385910600000,41,null,null,0.026137424264286602,null,null
1,1385911200000,0,0.1348005126527316,null,0.02730046487718618,null,null
1,1385911200000,39,0.5534150330826217,0.44063855336287816,0.4607897778180666,0.3235776855672357,13.58652851333203
1,1385911800000,0,0.05343788914147278,null,null,null,null
1,1385911800000,39,0.3028876899917476,0.27255137602386226,0.3212516043414365,0.40198995836009555,12.552439390371966
1,1385911800000,43,null,null,0.026137424264286602,null,null
1,1385911800000,46,null,null,null,null,0.026137424264286602
1,1385911800000,48,null,null,0.0017873101054994376,null,null
1,1385911800000,880,null,null,null,0.026137424264286602,null
1,1385912400000,0,0.16451255712801707,null,0.02730046487718618,null,null
1,1385912400000,20,null,null,null,0.026137424264286602,null
1,1385912400000,39,0.45908796608486735,0.35507704014802066,0.4292904232372817,0.27558722511456135,12.39254145514885
1,1385913000000,0,0.14070121408952962,null,null,0.05343788914147278,null
1,1385913000000,33,null,0.0017873101054994376,null,null,null
1,1385913000000,39,0.8981359869733453,0.6500202234805703,0.5919301718874992,0.3901510149398044,15.246163364313599
1,1385913600000,0,0.1870753611813048,null,null,null,null
1,1385913600000,39,0.8110436587698886,0.6858039661372541,0.49640252373015015,0.6496524491048709,14.031706607506422
1,1385913600000,46,null,null,null,null,0.026137424264286602
1,1385914200000,0,0.10928735788104486,null,null,null,null
1,1385914200000,33,0.02730046487718618,null,null,null,null
1,1385914200000,39,0.4579249254719677,0.49112609178595196,0.676952913982057,0.3609777415848186,12.919611869057176
1,1385914800000,0,0.1887771729145041,null,null,null,null
1,1385914800000,39,1.0089283789564902,0.30405073060464716,0.4607897778180666,0.6193161351369856,12.929897820549762
1,1385914800000,49,null,null,null,null,0.0017873101054994376
1,1385915400000,0,0.2440023721614763,null,null,null,null
1,1385915400000,20,null,null,null,0.0017873101054994376,null
1,1385915400000,39,0.34216055448713006,0.2304616170079859,0.4340280840611801,0.5724887152972108,13.68742850908479
1,1385915400000,44,null,null,0.026137424264286602,null,null
1,1385915400000,46,null,null,null,null,0.026137424264286602
1,1385916000000,0,0.2661119034667645,null,null,0.02730046487718618,null
1,1385916000000,32,null,null,0.02730046487718618,null,null
1,1385916000000,39,0.4839768513639542,0.3687512514994163,0.7814171126669034,0.5980018700688975,12.723088309495859
1,1385916000000,49,null,null,null,null,0.026137424264286602
1,1385916600000,0,0.29806453079554895,0.02730046487718618,null,null,null
1,1385916600000,39,0.6863427372575538,0.471342641706463,0.645453559401272,0.5171780176779384,12.736932175210569
1,1385917200000,0,0.23756289960437857,null,null,null,null
1,1385917200000,39,0.4780386093804611,0.3171006724634429,0.7083667701905418,0.4875514715749531,13.42836632644142
1,1385917800000,0,0.16147670803731792,null,null,0.02730046487718618,null
1,1385917800000,39,0.711488117653541,0.49282790351915123,0.6252168365737836,0.680527534193056,11.510870793160898
1,1385917800000,46,null,null,null,null,0.026137424264286602
1,1385918400000,0,0.13596355326563117,null,null,null,null
1,1385918400000,39,0.7528305682578224,0.6917901659463523,0.6264653755589833,0.35096364881672204,14.058213148527694
1,1385919000000,0,0.026137424264286602,null,null,null,null
1,1385919000000,20,null,null,null,0.026137424264286602,null
1,1385919000000,373,null,null,null,0.026137424264286602,null
1,1385919000000,39,0.5006014134337489,0.3907752844324043,0.543315441942225,0.4352766230463799,15.20695021730402
1,1385919600000,0,0.42580130139858297,null,null,null,null
1,1385919600000,33,null,null,null,0.0017873101054994376,null
1,1385919600000,39,0.39434990464340314,0.38666189310110566,0.9944589013678944,0.7908069359424001,12.55525628489246
1,1385919600000,46,null,null,null,null,0.026137424264286602
1,1385920200000,0,0.1110746679865443,null,null,0.07841227279285981,null
1,1385920200000,39,0.5481386011384236,0.5909381280191999,0.46972632834556377,0.49407644250435095,13.24419201577162
1,1385920800000,0,0.08136262351125882,0.026137424264286602,null,null,null
1,1385920800000,39,0.5706159068194112,0.38059019491970736,0.5729419880452103,0.4828138107510546,13.303066916322985
1,1385920800000,49,0.02730046487718618,null,null,null,0.0017873101054994376
1,1385921400000,0,0.052274848528573205,null,null,0.052274848528573205,null
1,1385921400000,33,null,null,0.02730046487718618,null,null
1,1385921400000,39,0.3485520692186227,0.4846011208565541,0.6971041384372454,0.5641764342623135,13.100444535312484
1,1385921400000,46,null,null,null,null,0.026137424264286602
1,1385921400000,48,0.052274848528573205,0.026137424264286602,null,null,null
1,1385922000000,0,0.11697536942334232,null,null,null,null
1,1385922000000,33,null,null,0.026137424264286602,null,null
1,1385922000000,39,0.5178022871705382,0.4429646345886773,0.323038914446936,0.4103022393949929,13.354755035905653
1,1385922600000,0,0.24462664165407622,null,null,null,null
1,1385922600000,39,0.5288939221792343,0.2054872333565989,0.4892532833081524,0.4382269737647789,13.855676265889494
1,1385923200000,0,0.13542478214533146,null,null,0.026137424264286602,null
1,1385923200000,355,0.05460092975437236,null,null,null,null
1,1385923200000,39,0.3111144726543448,0.23162465762088552,0.5932642092449991,0.19422460160330257,12.980347818426141
1,1385923200000,46,null,null,null,null,0.026137424264286602
1,1385923800000,0,0.08136262351125882,null,null,null,null
1,1385923800000,20,null,null,null,0.026137424264286602,null
1,1385923800000,357,0.052274848528573205,null,null,null,null
1,1385923800000,39,0.11876267952884176,0.22563845781178735,0.3034264611120473,0.30458950172494687,12.270951463820607
1,1385923800000,40,0.052274848528573205,null,null,null,null
1,1385924400000,0,0.1900257118997038,null,null,null,null
1,1385924400000,357,0.026137424264286602,null,null,null,null
1,1385924400000,39,0.4917503612785518,0.27558722511456135,0.3308124243615336,0.38666189310110566,14.591930229903127
1,1385924400000,49,null,null,null,null,0.0017873101054994376
1,1385925000000,0,0.1383751328637305,null,null,null,null
1,1385925000000,39,0.6216422163627847,0.5493016417513232,0.30458950172494687,0.38952674544720456,16.688850653369354
1,1385925000000,48,null,null,0.026137424264286602,null,null
1,1385925600000,0,0.2701397964257629,null,null,null,null
1,1385925600000,39,0.8347695034360758,0.8385151203916751,0.5415281318367255,0.5772263761211093,16.6227174947033
1,1385925600000,46,null,null,null,null,0.026137424264286602
1,1385926200000,0,0.24230056042827705,null,null,null,null
1,1385926200000,1,0.02730046487718618,0.02730046487718618,null,null,null
1,1385926200000,39,0.5403650912238259,0.413338088485692,0.6269186483069829,0.5463512910329242,12.188485517182247
1,1385926200000,40,null,null,0.02730046487718618,null,null
1,1385926800000,0,0.14248852419502908,null,null,0.02730046487718618,null
1,1385926800000,32,null,null,null,null,0.026137424264286602
1,1385926800000,39,0.7842819650130022,0.32590376679303484,0.2761259962348611,0.3272378041505347,11.84033876288602
1,1385927400000,0,0.13596355326563117,null,null,null,null
1,1385927400000,1,0.02730046487718618,0.02730046487718618,null,null,null
1,1385927400000,39,0.6294157262773823,0.49515398474495037,0.24641395175957564,0.27791330634036054,13.258945111744904
1,1385927400000,40,0.08190139463155853,0.05460092975437236,null,null,null
1,1385927400000,46,null,null,null,null,0.026137424264286602
1,1385928000000,0,0.10454969705714641,null,null,null,null
1,1385928000000,39,0.43751720589987886,0.4654419402696649,0.38532785574360584,0.509490006135641,12.577095299854543
1,1385928000000,40,null,0.02730046487718618,null,null,null
1,1385928600000,0,0.08073835401865896,null,null,null,null
1,1385928600000,39,0.5212059106369369,0.4654419402696649,0.24757699237247519,0.30334096273974714,15.440191188285802
1,1385929200000,0,0.10750004777554542,null,null,null,null
1,1385929200000,39,0.505877845377947,0.4536029968493738,0.3052137712175467,0.2434636010411766,13.524224208427771
1,1385929200000,46,null,null,null,null,0.026137424264286602
1,1385929800000,0,0.18761413230160454,null,null,null,null
1,1385929800000,39,0.5653019343285179,0.484563580309859,0.37763984420130836,0.16442705875571695,14.113352849402368
1,1385929800000,48,null,null,0.026137424264286602,null,null
1,1385930400000,0,0.13301320254723217,null,null,null,null
1,1385930400000,20,null,null,null,0.026137424264286602,null
1,1385930400000,39,0.769407172502012,0.5444784825551245,0.08431297422965783,0.21670190728429015,13.762927971705944
1,1385931000000,0,0.07957531340575938,null,null,null,null
1,1385931000000,39,0.5630133936494138,0.46025100669776686,0.29100078874585134,0.2440023721614763,13.703919614956677
1,1385931600000,0,0.10633700716264585,null,null,null,null
1,1385931600000,373,0.026137424264286602,0.026137424264286602,null,null,null
1,1385931600000,39,0.4910405934136518,0.2678137151999638,0.2451654127743759,0.2998518409010484,14.0414773071991
1,1385931600000,46,null,null,null,null,0.026137424264286602
1,1385932200000,0,0.05343788914147278,null,null,null,null
1,1385932200000,39,0.6163657844185865,0.6976429095575452,0.05584946873957208,0.10750004777554542,13.146562187287358
1,1385932800000,0,0.07841227279285981,null,null,null,null
1,1385932800000,39,0.4103022393949929,0.3330530072150326,0.1887771729145041,0.26897675581286334,13.248982580749804
1,1385932800000,46,null,null,null,null,0.026137424264286602
1,1385933400000,0,0.055225199246972216,null,null,null,null
1,1385933400000,39,0.7035436109943431,0.577055379376509,0.0825256641241584,0.0854760148425574,14.259185279577993
1,1385934000000,0,0.05460092975437236,null,null,null,null
1,1385934000000,39,0.4382269737647789,0.3271523057782346,0.08073835401865896,0.0825256641241584,11.452428330799716
1,1385934600000,0,0.13363747203983203,null,null,null,null
1,1385934600000,39,0.6988914485427449,0.8870443519646491,0.10803881889584513,0.21375155656589112,11.547832940038068
1,1385935200000,0,0.05522519924697222,null,null,null,null
1,1385935200000,39,0.38129996278460737,0.6217277147350848,0.10750004777554543,0.05343788914147278,11.725838294493972
1,1385935200000,46,null,null,null,null,0.026137424264286602
1,1385935800000,0,0.05522519924697222,null,null,null,null
1,1385935800000,33,null,null,null,0.02730046487718618,null
1,1385935800000,39,0.16746290784641607,0.31066119990634516,0.2451654127743759,0.05343788914147278,11.487454347765894
1,1385936400000,39,0.11876267952884176,0.27558722511456135,0.02730046487718618,0.05460092975437236,11.80890272973843
1,1385937000000,39,0.11286197809204374,0.16746290784641607,0.02730046487718618,0.07957531340575938,12.194769356602336
1,1385937000000,46,null,null,null,null,0.026137424264286602
1,1385937600000,0,0.05343788914147278,null,null,null,null
1,1385937600000,39,0.25410196330187307,0.11456378982524304,0.07957531340575938,0.08136262351125882,11.372853017393956
1,1385938200000,33,null,null,null,null,0.026137424264286602
1,1385938200000,39,0.19958653191980086,0.1437370631802288,null,0.029087774982685617,10.905440091429174
10,1385852400000,39,0.054821691741702636,0.09364877142999224,0.054821691741702636,0.09364877142999224,8.03901475865032
10,1385852400000,46,null,null,null,null,0.02865308906595611
10,1385853000000,39,0.2099423529615887,0.13060696831723745,0.024299719874702155,0.010173990622333493,9.035574120991528
10,1385853600000,0,0.010173990622333493,0.010173990622333493,null,null,null
10,1385853600000,39,0.18751151588793089,0.13455870694727262,0.034473710497035646,0.028251458504737325,7.716823888773062
10,1385854200000,39,0.17485303887538783,0.272855179496634,0.09137825806772908,0.0878281499989127,7.851438675780236
10,1385854800000,39,0.2792914045168788,0.16240853489079118,0.020347981244666986,0.08160589800661437,9.103397245904459
10,1385854800000,46,null,null,null,null,0.02865308906595611
10,1385855400000,39,0.07143190738428087,0.13891207613852657,0.0388270796882896,0.024299719874702155,8.018820426912571
10,1385856000000,0,0.02865308906595611,null,null,null,null
10,1385856000000,39,0.06934905155529009,0.0776541593765792,0.08160589800661437,0.020347981244666986,7.9303681864022435
10,1385856600000,39,0.034473710497035646,0.0388270796882896,0.05255117837943948,0.010173990622333493,7.899287485396551
10,1385856600000,46,null,null,null,null,0.02865308906595611
10,1385857200000,0,0.05730617813191222,null,null,0.014125729252368662,null
10,1385857200000,39,0.12043297769490396,0.1675651652044827,0.010173990622333493,0.04277881831832477,7.7574145892837
10,1385857800000,0,null,null,null,0.014125729252368662,null
10,1385857800000,39,0.0776541593765792,0.02865308906595611,0.014125729252368662,0.07143190738428087,7.38478516142122
10,1385858400000,39,0.04277881831832477,0.04277881831832477,0.010173990622333493,0.05086995311166747,6.929413754311748
10,1385858400000,46,null,null,null,null,0.02865308906595611
10,1385859000000,39,0.0388270796882896,0.04069596248933397,0.010173990622333493,0.034473710497035646,6.478700571898303
10,1385859600000,0,0.010173990622333493,null,null,null,null
10,1385859600000,39,0.030521971867000477,0.0776541593765792,null,null,7.018333841483942
10,1385860200000,39,null,0.05917506093295659,0.014125729252368662,null,5.6369272507069805
10,1385860800000,0,0.028251458504737325,null,null,null,null
10,1385860800000,226,0.02865308906595611,null,null,null,null
10,1385860800000,39,0.08929540223873828,0.07912141161640479,null,0.05255117837943948,5.4787973819845455
10,1385860800000,46,null,null,null,null,0.02865308906595611
10,1385861400000,0,0.014125729252368662,null,null,0.014125729252368662,null
10,1385861400000,39,0.07952304217762357,0.030521971867000477,null,0.024299719874702155,5.386829835822326
10,1385862000000,39,0.04859943974940431,0.05255117837943948,0.02865308906595611,null,4.204672778851901
10,1385862600000,0,0.010173990622333493,null,null,null,null
10,1385862600000,39,0.12852411248824666,0.0878281499989127,null,0.05730617813191222,4.164003131857241
10,1385862600000,46,null,null,null,null,0.02865308906595611
10,1385863200000,0,0.052952808940658264,null,null,0.010173990622333493,null
10,1385863200000,39,0.07121793435633444,0.09987102342229055,null,0.014125729252368662,3.7300572636638476
10,1385863800000,0,null,null,null,0.02865308906595611,null
10,1385863800000,39,0.04069596248933397,0.14700321093186927,0.02865308906595611,0.0388270796882896,4.134607105189874
10,1385864400000,39,0.22839513591053723,0.04900107031062309,0.014125729252368662,null,4.032128504826255
10,1385864400000,46,null,null,null,null,0.02865308906595611
10,1385865000000,39,0.04900107031062309,0.010173990622333493,null,0.02865308906595611,3.7692333429240072
10,1385865600000,0,0.05730617813191222,null,null,null,null
10,1385865600000,39,0.1808613178397397,0.014125729252368662,0.08595926719786832,0.010173990622333493,3.9106782929809665
10,1385866200000,0,0.010173990622333493,null,null,0.05730617813191222,null
10,1385866200000,39,0.09613325782020182,0.010173990622333493,0.010173990622333493,0.020347981244666986,3.565705142949115
10,1385866800000,0,0.014125729252368662,null,null,null,null
10,1385866800000,39,null,null,null,null,3.6924087601645397
10,1385866800000,46,null,null,null,null,0.02865308906595611
10,1385867400000,39,0.04277881831832477,0.07143190738428087,null,null,3.5347552250262213
10,1385868000000,39,0.052952808940658264,0.11025898707257048,null,null,3.7583732891507373
10,1385868600000,0,0.010173990622333493,null,null,0.010173990622333493,null
10,1385868600000,39,0.08347478080765874,0.20057162346169274,null,0.020347981244666986,3.5013997671971406
10,1385868600000,46,null,null,null,null,0.02865308906595611
10,1385869200000,39,0.06312679956299175,0.052952808940658264,0.010173990622333493,null,3.428902238134253
10,1385869800000,0,0.010173990622333493,null,null,null,null
10,1385869800000,39,0.02865308906595611,0.08595926719786832,null,0.0776541593765792,3.5161411000386744
10,1385870400000,0,0.010173990622333493,null,null,null,null
10,1385870400000,39,0.010173990622333493,null,null,null,3.0188162077668643
10,1385870400000,46,null,null,null,null,0.02865308906595611
10,1385871000000,39,null,null,null,null,3.3361314308495955
10,1385871600000,39,0.02865308906595611,null,null,0.02865308906595611,3.348977565395411
10,1385872200000,39,null,0.08595926719786832,null,0.02865308906595611,3.4293785717183685
10,1385872200000,46,null,null,null,null,0.02865308906595611
10,1385872800000,39,0.0388270796882896,0.010173990622333493,null,null,2.8417189710238877
10,1385873400000,39,null,null,null,0.02865308906595611,3.2420326413301614
10,1385874000000,0,0.05730617813191222,null,null,null,null
10,1385874000000,39,0.02865308906595611,null,null,0.05730617813191222,3.7312400833139545
10,1385874600000,39,null,null,null,0.010173990622333493,3.664633635243918
10,1385874600000,46,null,null,null,null,0.02865308906595611
10,1385875200000,0,0.010173990622333493,null,null,null,null
10,1385875200000,39,0.02865308906595611,null,null,null,4.027779379096126
10,1385875800000,0,0.02865308906595611,null,null,null,null
10,1385875800000,39,null,null,null,0.010173990622333493,4.231870551670835
10,1385876400000,0,0.010173990622333493,null,null,null,null
10,1385876400000,39,0.010173990622333493,0.010173990622333493,0.010173990622333493,0.010173990622333493,4.708022129541993
10,1385876400000,46,null,null,null,null,0.02865308906595611
10,1385877000000,39,null,0.020347981244666986,0.08595926719786832,0.010173990622333493,3.6794012835801264
10,1385877600000,0,0.014125729252368662,null,null,null,null
10,1385877600000,39,0.014125729252368662,0.02865308906595611,0.02865308906595611,0.07143190738428087,4.529576487649184
10,1385878200000,0,0.010173990622333493,null,null,null,null
10,1385878200000,39,null,null,null,null,4.597191682947354
10,1385878200000,46,null,null,null,null,0.02865308906595611
10,1385878800000,39,0.028251458504737325,null,0.014125729252368662,0.030521971867000477,4.430783021898305
10,1385879400000,39,0.05730617813191222,0.06748016875424571,0.04277881831832477,null,8.472656776900427
10,1385880000000,39,0.06312679956299176,0.024299719874702155,0.020347981244666986,0.06748016875424571,4.391328402628046
10,1385880600000,39,null,null,0.09613325782020182,0.010173990622333493,4.213090841183565
10,1385880600000,46,null,null,null,null,0.02865308906595611
10,1385881200000,0,0.14579831924821293,null,null,null,null
10,1385881200000,39,0.19706990292109916,0.010173990622333493,null,0.09177988862894786,4.350483034092918
10,1385881800000,0,0.10382276205232573,null,null,null,null
10,1385881800000,39,0.1466015803706505,0.14078095893957096,0.10008499645023698,0.08595926719786832,5.002147398495725
10,1385882400000,0,0.22839513591053723,null,null,null,null
10,1385882400000,39,0.1654823093754919,0.0776541593765792,0.10008499645023698,0.06748016875424571,5.345481818208408
10,1385882400000,46,null,null,null,null,0.02865308906595611
10,1385883000000,0,0.234831360930782,null,null,null,null
10,1385883000000,39,0.2616155671956937,0.09800214062124618,0.1266552296872023,0.11835012186591318,5.841924502873759
10,1385883600000,0,0.27178955781802716,null,null,0.07143190738428087,null
10,1385883600000,39,0.26369842302468455,0.3166512319653427,0.07330079018532525,0.12043297769490396,5.760108875300324
10,1385883600000,46,null,null,null,null,0.02865308906595611
10,1385884200000,0,0.34322146520230806,null,null,null,null
10,1385884200000,39,0.39991203974505507,0.22091960470635974,0.10630724844253531,0.27178955781802716,4.853741502306184
10,1385884800000,0,0.5558359620873787,null,null,null,null
10,1385884800000,39,0.4329184980022652,0.43166521879038594,0.23464370339750962,0.37435904065847375,5.558659287693296
10,1385885400000,0,0.19808713707148318,null,null,null,null
10,1385885400000,39,0.2819635484403607,0.34570595159251766,0.38848476991084246,0.09800214062124618,5.996787046998602
10,1385885400000,48,0.05730617813191222,null,null,null,null
10,1385886000000,0,0.1756562999978254,null,null,null,null
10,1385886000000,39,0.44952871364484337,0.13789484198814259,0.23069196476747444,0.3922225355129312,5.987176028976085
10,1385886000000,41,null,null,0.010173990622333493,null,null
10,1385886600000,0,0.2612139366344749,null,null,null,null
10,1385886600000,33,null,null,null,null,0.02865308906595611
10,1385886600000,39,0.47236118127971993,0.10630724844253531,0.43353410159143035,0.294220394891685,6.21649751656018
10,1385887200000,0,0.31456837613635197,null,null,null,null
10,1385887200000,39,0.3164372589373963,0.4474458578158526,0.4266962460099668,0.5456619714650452,6.057215387143437
10,1385887200000,41,0.02865308906595611,null,null,null,null
10,1385887800000,0,0.14700321093186927,null,null,null,null
10,1385887800000,33,null,null,null,null,0.02865308906595611
10,1385887800000,39,0.5336190980416673,0.22091960470635974,0.484002424141879,0.5315362422126766,6.269176028951864
10,1385887800000,40,0.020347981244666986,0.020347981244666986,null,null,null
10,1385888400000,0,0.19808713707148318,null,null,null,null
10,1385888400000,39,0.2609999636065285,0.2057766413036071,0.31811848420516836,0.3939037607807032,6.411864122179958
10,1385888400000,40,null,null,null,0.010173990622333493,null
10,1385888400000,41,null,0.02865308906595611,null,null,null
10,1385889000000,0,0.2883997734606054,null,null,0.04900107031062309,null
10,1385889000000,39,0.5691584302173097,0.22238685694618535,0.4266962460099668,0.7720005670412657,7.160202644969234
10,1385889600000,0,0.30231152968502767,null,null,null,null
10,1385889600000,39,0.491691928374003,0.31790451117722196,0.37000567146721985,0.41505500314780774,7.2516436700670575
10,1385890200000,0,0.20430938906378152,null,null,null,null
10,1385890200000,33,null,null,null,null,0.02865308906595611
10,1385890200000,39,0.45454607395348534,0.20972837993364224,0.3106166375063168,0.5296673594116321,7.970311869639994
10,1385890800000,0,0.2514415765733602,null,null,null,null
10,1385890800000,39,0.4194567598672845,0.4987921445116357,0.30874775470527244,0.5049660089757112,8.10007488183825
10,1385891400000,0,0.1553083187531584,null,null,0.0388270796882896,null
10,1385891400000,39,0.3164372589373963,0.3893364185615028,0.6193643922115892,0.4640560734584308,8.641672160162884
10,1385892000000,0,0.09177988862894787,null,0.010173990622333493,0.010173990622333493,null
10,1385892000000,32,null,null,0.020347981244666986,null,null
10,1385892000000,39,0.6250194281429451,0.29507204354234534,0.4966609011544221,0.3058616377538441,7.5961040349793745
10,1385892000000,46,null,null,null,null,0.02865308906595611
10,1385892000000,49,null,null,0.010173990622333493,null,null
10,1385892600000,0,0.2431364687520711,null,null,null,null
10,1385892600000,32,null,null,0.010173990622333493,null,null
10,1385892600000,39,0.46391680345338127,0.32185624980725713,0.37894845491122287,0.39013967968394037,8.196823743247617
10,1385892600000,41,null,null,0.010173990622333493,null,null
10,1385893200000,0,0.26743618862677326,null,0.010173990622333493,null,null
10,1385893200000,34,null,null,null,0.02865308906595611,null
10,1385893200000,39,0.6590694360452133,0.4249020662318193,0.3326458440187558,0.5961302940154938,8.076158963952343
10,1385893200000,41,0.02865308906595611,null,null,null,null
10,1385893800000,0,0.0878281499989127,null,null,null,null
10,1385893800000,39,0.3827125360079857,0.26041067551203734,0.54504636787588,0.44952871364484337,7.5798954498980144
10,1385893800000,40,null,null,null,0.02865308906595611,null
10,1385893800000,46,null,null,null,null,0.02865308906595611
10,1385894400000,0,0.1368292203095358,null,null,null,null
10,1385894400000,39,0.6131421402192909,0.18729754285998448,0.47195955071850115,0.5774635380385988,9.971720679084825
10,1385895000000,0,0.0878281499989127,null,0.020347981244666986,null,null
10,1385895000000,39,0.32265951092969464,0.2221728839182389,0.21990237055597578,0.4636544428972121,7.310703332980573
10,1385895600000,0,0.2448176940198431,null,0.010173990622333493,null,null
10,1385895600000,39,0.5097693962564068,0.21327848800245863,0.7448147302151351,0.49417641476421253,7.716599779704372
10,1385895600000,46,null,null,null,null,0.02865308906595611
10,1385895600000,48,0.05730617813191222,0.02865308906595611,null,null,null
10,1385896200000,0,0.4966609011544221,null,null,0.02865308906595611,null
10,1385896200000,380,null,null,null,0.02865308906595611,null
10,1385896200000,39,0.8168622411885813,0.493373153641775,0.4372718671935191,0.7234011272918615,7.122982087525821
10,1385896800000,0,0.18583029062015888,null,null,null,null
10,1385896800000,39,0.6142077618978977,0.1654823093754919,0.3857863104926864,0.6295383828339227,8.177898870175678
10,1385897400000,0,0.19808713707148318,null,null,null,null
10,1385897400000,39,0.38143294130143246,0.18956805622224762,0.48151793775166946,0.4634404698692657,8.121058889587138
10,1385898000000,0,0.2165662355151058,null,null,null,null
10,1385898000000,39,0.7759259901766268,0.2834308006801863,0.33470238435307254,0.4204739940176685,7.813564414093745
10,1385898000000,46,null,null,null,null,0.02865308906595611
10,1385898000000,55,0.010173990622333493,0.010173990622333493,null,null,null
10,1385898600000,0,0.0878281499989127,null,null,null,null
10,1385898600000,39,0.5311346116514577,0.1650806788142731,0.5213622515903431,0.5107866304067907,8.908920691256386
10,1385899200000,0,0.17960803862786057,null,null,null,null
10,1385899200000,39,0.5049660089757113,0.2834308006801863,0.3058616377538441,0.2921375390626942,7.760642164108885
10,1385899800000,0,0.1164812390648688,null,0.02865308906595611,null,null
10,1385899800000,39,0.5228295038301687,0.2902686562616498,0.252507198251967,0.4374858402214655,7.983186119632544
10,1385899800000,40,null,null,null,0.02865308906595611,null
10,1385899800000,46,null,null,null,null,0.02865308906595611
10,1385900400000,0,0.12478634688615793,null,null,null,null
10,1385900400000,39,0.1756562999978254,0.12230186049594835,0.3718745542682642,0.15926005738319357,9.669649437922418
10,1385901000000,0,0.06707853819302692,null,null,null,null
10,1385901000000,39,0.17298415607434345,0.12478634688615793,0.1879131464491497,0.18396140781911452,8.811839009729077
10,1385901000000,41,0.11461235626382443,null,null,null,null
10,1385901600000,0,0.1654823093754919,null,null,null,null
10,1385901600000,32,null,null,0.02865308906595611,null,null
10,1385901600000,39,0.5838734475641696,0.1553083187531584,0.33451472681980016,0.4026104991632111,11.20987684759088
10,1385901600000,40,0.014125729252368662,0.014125729252368662,null,null,null
10,1385901600000,46,null,null,null,null,0.02865308906595611
10,1385902200000,0,0.11607960850365003,null,null,null,null
10,1385902200000,380,null,null,null,0.02865308906595611,null
10,1385902200000,39,0.5224278732689499,0.3156339978149588,0.19413539844144803,0.2792914045168788,8.63516547558087
10,1385902800000,0,0.16361342657444755,null,null,null,null
10,1385902800000,39,0.6615539224354229,0.4954560094707658,0.4190067417778429,0.4266962460099668,8.436327708376297
10,1385903400000,0,0.2063922448927723,null,null,null,null
10,1385903400000,380,null,null,null,0.02865308906595611,null
10,1385903400000,39,0.34717320383234324,0.42336011096909687,0.44952871364484337,0.24273483819085231,9.176308492354936
10,1385903400000,41,null,null,0.020347981244666986,null,null
10,1385904000000,0,0.11607960850365003,null,null,null,null
10,1385904000000,39,0.579808754423759,0.39229723853582804,0.34904208663338765,0.4578338214661325,9.378347368056454
10,1385904000000,46,null,null,null,null,0.02865308906595611
10,1385904600000,0,0.18396140781911452,null,null,null,null
10,1385904600000,39,0.8939007969759953,0.33184258289631824,0.2855136565091771,0.3043943855140185,10.264013516772932
10,1385905200000,0,0.13496033750849143,null,null,null,null
10,1385905200000,380,null,null,null,0.02865308906595611,null
10,1385905200000,39,0.4275742101553013,0.38559865295941403,0.3058616377538441,0.31416674557513313,9.361624197903502
10,1385905800000,0,0.1451343281308249,null,null,null,null
10,1385905800000,39,0.42856512881101116,0.41048766092860733,0.4190067417778429,0.2913342779402567,8.654405340198325
10,1385905800000,46,null,null,null,null,0.02865308906595611
10,1385906400000,0,0.10817613124357969,null,0.010173990622333493,null,null
10,1385906400000,39,0.6715139400298099,0.34762322192178485,0.3718745542682642,0.19995601987252754,9.095841119097766
10,1385907000000,0,0.0976005100600274,null,null,null,null
10,1385907000000,380,null,null,null,0.010173990622333493,null
10,1385907000000,39,0.4331808585584344,0.44792219139996825,0.22278848750740413,0.24895709018315065,7.982017679484306
10,1385907000000,41,0.02865308906595611,null,null,null,null
10,1385907600000,0,0.23256084756851883,null,null,null,null
10,1385907600000,39,0.38746753576045845,0.291548250968203,0.21261449688507061,0.22674022613743927,8.047834451543203
10,1385907600000,46,null,null,null,null,0.02865308906595611
10,1385908200000,0,0.10630724844253531,null,0.010173990622333493,null,null
10,1385908200000,39,0.42856512881101116,0.2977441874658273,0.3243407361974667,0.2140817491248962,7.884427305465024
10,1385908800000,0,0.17191853439573665,null,null,null,null
10,1385908800000,39,0.3326458440187558,0.3401476907176073,0.19768550651026437,0.234831360930782,7.168844816369591
10,1385908800000,44,0.010173990622333493,null,null,null,null
10,1385909400000,0,0.052952808940658264,null,null,null,null
10,1385909400000,39,0.5938597806532306,0.3021238721517553,0.38391742769164205,0.256860567443221,8.022160805414567
10,1385909400000,46,null,null,null,null,0.02865308906595611
10,1385910000000,0,0.20244050626273713,null,null,null,null
10,1385910000000,39,0.4414375788515007,0.40301212972442985,0.37769517569934374,0.37977803152833456,8.27707354357272
10,1385910600000,0,0.05917506093295659,null,null,null,null
10,1385910600000,20,null,null,null,0.02865308906595611,null
10,1385910600000,39,0.46552332569825644,0.1466015803706505,0.2859152870703958,0.3513125999956508,7.333995954745635
10,1385910600000,41,null,null,0.02865308906595611,null,null
10,1385911200000,0,0.10630724844253531,null,0.010173990622333493,null,null
10,1385911200000,39,0.426294615448748,0.3290957359499394,0.3392697265722729,0.22860910893848366,7.970297490138124
10,1385911800000,0,0.0388270796882896,null,null,null,null
10,1385911800000,39,0.25539331520339537,0.2082611276938167,0.2938187643304662,0.3428198346410893,7.394803853418141
10,1385911800000,43,null,null,0.02865308906595611,null,null
10,1385911800000,46,null,null,null,null,0.02865308906595611
10,1385911800000,880,null,null,null,0.02865308906595611,null
10,1385912400000,0,0.13496033750849143,null,0.010173990622333493,null,null
10,1385912400000,20,null,null,null,0.02865308906595611,null
10,1385912400000,39,0.4229584804078781,0.3137651150139144,0.32474236675868545,0.3017222415905365,6.984477534528132
10,1385913000000,0,0.06934905155529009,null,null,0.0388270796882896,null
10,1385913000000,39,0.6204784014184188,0.5104333873737947,0.4183911381886777,0.3000410163227645,8.275962983436445
10,1385913600000,0,0.16361342657444755,null,null,null,null
10,1385913600000,39,0.5595737276894674,0.4576198484381861,0.3733418065080898,0.517008882399089,8.07315140556829
10,1385913600000,46,null,null,null,null,0.02865308906595611
10,1385914200000,0,0.09613325782020182,null,null,null,null
10,1385914200000,33,0.010173990622333493,null,null,null,null
10,1385914200000,39,0.42731184959913204,0.38640191408185165,0.5413086022737912,0.23442973036956322,7.4232591489100805
10,1385914800000,0,0.12230186049594835,null,null,null,null
10,1385914800000,39,0.7786244495947828,0.22278848750740413,0.3675211850770102,0.46987669488951034,7.380528718119978
10,1385915400000,0,0.14700321093186927,null,null,null,null
10,1385915400000,39,0.3307769612177114,0.1879131464491497,0.3345147268198002,0.5245107290979407,7.978650985487636
10,1385915400000,44,null,null,0.02865308906595611,null,null
10,1385915400000,46,null,null,null,null,0.02865308906595611
10,1385916000000,0,0.26805179221593844,null,null,0.010173990622333493,null
10,1385916000000,32,null,null,0.010173990622333493,null,null
10,1385916000000,39,0.4005276433342203,0.23878309956081717,0.6146093924591165,0.4923075319631682,7.789012469703618
10,1385916000000,49,null,null,null,null,0.02865308906595611
10,1385916600000,0,0.20430938906378152,0.010173990622333493,null,null,null
10,1385916600000,39,0.47716456856041545,0.22839513591053723,0.5126555132078351,0.37374343706930857,7.132423276587488
10,1385917200000,0,0.2350453339587284,null,null,null,null
10,1385917200000,39,0.3914192743904936,0.24233320762963353,0.4862729375041422,0.4429048310913263,8.83591282058303
10,1385917800000,0,0.1262535991259835,null,null,0.010173990622333493,null
10,1385917800000,39,0.6351713467317299,0.3309646187509838,0.44704422725463383,0.5554343315261598,8.115016451762866
10,1385917800000,46,null,null,null,null,0.02865308906595611
10,1385918400000,0,0.11607960850365001,null,null,null,null
10,1385918400000,39,0.42253053435198523,0.4760989468818087,0.526379611898985,0.30834612414405366,9.72000889859005
10,1385919000000,0,0.02865308906595611,null,null,null,null
10,1385919000000,20,null,null,null,0.02865308906595611,null
10,1385919000000,373,null,null,null,0.02865308906595611,null
10,1385919000000,39,0.3635694464469751,0.3043943855140185,0.47302517239710806,0.34322146520230806,11.083475491537598
10,1385919600000,0,0.3660539328371847,null,null,null,null
10,1385919600000,39,0.3043943855140185,0.3272268531488951,0.6677498589330471,0.5363396294933721,7.240888083881911
10,1385919600000,46,null,null,null,null,0.02865308906595611
10,1385920200000,0,0.11025898707257048,null,null,0.08595926719786832,null
10,1385920200000,39,0.42522899377014123,0.5194933687892986,0.35339545582464155,0.39617427414296635,7.2739327936266
10,1385920800000,0,0.06748016875424571,0.02865308906595611,null,null,null
10,1385920800000,39,0.46907343376707283,0.32393910563624795,0.3897380491227216,0.4190067417778429,7.602653214509995
10,1385920800000,49,0.024299719874702155,null,null,null,null
10,1385921400000,0,0.08555763663664954,null,null,0.05730617813191222,null
10,1385921400000,33,null,null,0.010173990622333493,null,null
10,1385921400000,39,0.27574129644806233,0.4190067417778429,0.5232311343913874,0.4864869105320886,7.486835966562514
10,1385921400000,46,null,null,null,null,0.02865308906595611
10,1385921400000,48,0.05730617813191222,0.02865308906595611,null,null,null
10,1385922000000,0,0.05917506093295659,null,null,null,null
10,1385922000000,33,null,null,0.02865308906595611,null,null
10,1385922000000,39,0.3780968062605625,0.2921375390626942,0.26556730582572885,0.2819635484403607,8.266701759376371
10,1385922600000,0,0.17960803862786057,null,null,null,null
10,1385922600000,39,0.24438974796395024,0.1266552296872023,0.3450903480033525,0.3388680960110541,9.702006133730542
10,1385923200000,0,0.12478634688615793,null,null,0.02865308906595611,null
10,1385923200000,355,0.020347981244666986,null,null,null,null
10,1385923200000,39,0.16735119217653627,0.16943404800552705,0.4966609011544221,0.16361342657444755,7.872043125001453
10,1385923200000,40,null,null,0.014125729252368662,null,null
10,1385923200000,46,null,null,null,null,0.02865308906595611
10,1385923800000,0,0.06748016875424571,null,null,null,null
10,1385923800000,20,null,null,null,0.02865308906595611,null
10,1385923800000,357,0.05730617813191222,null,null,null,null
10,1385923800000,39,0.05917506093295659,0.1368292203095358,0.20430938906378152,0.19995601987252754,6.847525223667477
10,1385923800000,40,0.05730617813191222,null,null,null,null
10,1385924400000,0,0.1451343281308249,null,null,null,null
10,1385924400000,357,0.02865308906595611,null,null,null,null
10,1385924400000,39,0.4190067417778429,0.23109359532869322,0.2840464042693515,0.3272268531488951,8.602909647456748
10,1385925000000,0,0.10630724844253531,null,null,null,null
10,1385925000000,39,0.44704422725463383,0.4491270830836246,0.19995601987252754,0.26743618862677326,10.474490877721172
10,1385925000000,48,null,null,0.02865308906595611,null,null
10,1385925600000,0,0.1756562999978254,null,null,null,null
10,1385925600000,39,0.5556219890594323,0.6664965797211679,0.4023965261352647,0.463654442897212,9.442670572380852
10,1385925600000,46,null,null,null,null,0.02865308906595611
10,1385926200000,0,0.20244050626273713,null,null,null,null
10,1385926200000,1,0.010173990622333493,0.010173990622333493,null,null,null
10,1385926200000,39,0.4208756245788873,0.3189217453276059,0.36335547341902863,0.4676061815272472,7.520183731859916
10,1385926200000,40,null,null,0.010173990622333493,null,null
10,1385926800000,0,0.06934905155529009,null,null,0.010173990622333493,null
10,1385926800000,32,null,null,null,null,0.02865308906595611
10,1385926800000,39,0.5689444571893634,0.24815382906071307,0.22238685694618535,0.2981721335217202,7.552322362012536
10,1385927400000,0,0.0878281499989127,null,null,null,null
10,1385927400000,1,0.010173990622333493,0.010173990622333493,null,null,null
10,1385927400000,39,0.5079005134553625,0.3646350681255819,0.17960803862786057,0.19413539844144803,7.888144798985622
10,1385927400000,40,0.030521971867000477,0.020347981244666986,null,null,null
10,1385927400000,46,null,null,null,null,0.02865308906595611
10,1385928000000,0,0.11461235626382443,null,null,null,null
10,1385928000000,39,0.26495170223656367,0.3077305205548885,0.24895709018315065,0.42482736320892245,8.941404871910322
10,1385928000000,40,null,0.010173990622333493,null,null,null
10,1385928600000,0,0.1196297165724664,null,null,null,null
10,1385928600000,39,0.33785086186067015,0.3218562498072571,0.16112894018423793,0.17712355223765097,8.613529412707399
10,1385929200000,0,0.11025898707257048,null,null,null,null
10,1385929200000,39,0.3646350681255819,0.26495170223656367,0.2890637645779935,0.22633859557622052,10.86242510374844
10,1385929200000,46,null,null,null,null,0.02865308906595611
10,1385929800000,0,0.1266552296872023,null,null,null,null
10,1385929800000,39,0.3513125999956508,0.34468871744213364,0.3000410163227645,0.07952304217762357,8.488585967243766
10,1385929800000,48,null,null,0.02865308906595611,null,null
10,1385930400000,0,0.10630724844253531,null,null,null,null
10,1385930400000,20,null,null,null,0.02865308906595611,null
10,1385930400000,39,0.4892074419837934,0.468671803205854,0.04900107031062309,0.1368292203095358,9.795991968739601
10,1385931000000,0,0.06748016875424571,null,null,null,null
10,1385931000000,39,0.5049660089757113,0.47510802822609877,0.2597466843946493,0.14700321093186927,8.597296955640429
10,1385931600000,0,0.11461235626382443,null,null,null,null
10,1385931600000,373,0.02865308906595611,0.02865308906595611,null,null,null
10,1385931600000,39,0.35921607725572113,0.22674022613743927,0.12852411248824666,0.20430938906378152,8.48903009275359
10,1385931600000,46,null,null,null,null,0.02865308906595611
10,1385932200000,0,0.0388270796882896,null,null,null,null
10,1385932200000,39,0.488355793333133,0.5286501252612481,0.05730617813191222,0.09613325782020182,7.767931686898285
10,1385932800000,0,0.11421072570260565,null,null,null,null
10,1385932800000,39,0.2819635484403607,0.17752518279886975,0.10817613124357969,0.19413539844144803,7.307651630529421
10,1385932800000,46,null,null,null,null,0.02865308906595611
10,1385933400000,0,0.0388270796882896,null,null,null,null
10,1385933400000,39,0.491691928374003,0.3386541229831077,0.04900107031062309,0.0587734303717378,7.8807838714103156
10,1385934000000,0,0.020347981244666986,null,null,null,null
10,1385934000000,39,0.3953710130205288,0.2851120259479583,0.04900107031062309,0.06312679956299175,6.382970744591381
10,1385934600000,0,0.15303780539089526,null,null,null,null
10,1385934600000,39,0.5514825928961247,0.6411796256960818,0.05917506093295659,0.1553083187531584,6.510150695390921
10,1385935200000,0,0.0388270796882896,null,null,null,null
10,1385935200000,39,0.3272268531488951,0.47423006408076435,0.09613325782020182,0.052952808940658264,6.679584743396449
10,1385935200000,46,null,null,null,null,0.02865308906595611
10,1385935800000,0,0.0388270796882896,null,null,null,null
10,1385935800000,33,null,null,null,0.010173990622333493,null
10,1385935800000,39,0.17298415607434345,0.3303753306564926,0.12852411248824666,0.0388270796882896,6.614139042942972
10,1385936400000,39,0.07330079018532525,0.24521932458106188,0.010173990622333493,0.020347981244666986,6.875262097100619
10,1385937000000,39,0.09613325782020182,0.1164812390648688,0.010173990622333493,0.06748016875424571,6.931877968620469
10,1385937000000,46,null,null,null,null,0.02865308906595611
10,1385937600000,0,0.0388270796882896,null,null,null,null
10,1385937600000,39,0.12852411248824666,0.054821691741702636,0.06748016875424571,0.06748016875424571,6.484999326865559
10,1385938200000,0,0.014125729252368662,null,null,null,null
10,1385938200000,33,null,null,null,null,0.02865308906595611
10,1385938200000,39,0.16361342657444755,0.12043297769490396,null,0.010173990622333493,7.388723465773524
100,1385852400000,0,0.04077425482833716,null,null,null,null
100,1385852400000,39,0.1614078672144711,0.12063361238613392,0.08154850965667432,null,14.25527069120561
100,1385853000000,39,0.07985935755779676,null,0.12063361238613392,null,13.019984377208075
100,1385853000000,593,null,null,null,0.004229945055975969,null
100,1385853600000,39,0.12232276448501149,0.1614078672144711,0.12063361238613392,0.004229945055975969,14.07866045510124
100,1385854200000,39,0.1614078672144711,null,null,0.08408930261377273,9.317738343868506
100,1385854800000,39,0.08154850965667432,0.12232276448501149,null,null,9.440061108353518
100,1385855400000,39,null,null,0.07985935755779676,null,7.557454173399222
100,1385856000000,39,0.12063361238613392,0.04077425482833716,null,0.12063361238613392,10.517317859334334
100,1385856600000,0,0.07985935755779676,null,null,null,null
100,1385856600000,39,null,null,null,0.07985935755779676,7.069852267558054
100,1385857200000,351,null,null,null,null,0.04077425482833716
100,1385857200000,39,0.23957807267339026,null,null,0.07985935755779676,5.559281082355426
100,1385857800000,33,null,null,null,null,0.04077425482833716
100,1385857800000,39,null,0.07985935755779676,null,0.04077425482833716,8.282944999814903
100,1385858400000,39,null,null,0.08154850965667432,0.12063361238613392,8.515766464092781
100,1385859000000,39,null,null,0.04077425482833716,null,5.1090751271448385
100,1385859600000,39,null,null,0.07985935755779676,null,5.603433641381518
100,1385860200000,39,null,null,0.07985935755779676,null,4.774435328023754
100,1385860800000,39,null,null,null,0.15971871511559352,5.997662972873869
100,1385861400000,39,null,0.04077425482833716,null,null,4.509285369411925
100,1385862000000,39,0.04077425482833716,0.04077425482833716,null,null,4.857672989779306
100,1385862600000,0,0.04077425482833716,null,null,null,null
100,1385862600000,39,null,null,null,null,5.712243189075508
100,1385863200000,39,0.07985935755779676,0.08154850965667432,0.07985935755779676,null,4.623162373402549
100,1385863800000,39,0.08154850965667432,null,null,null,5.897533790129541
100,1385864400000,39,null,null,0.04077425482833716,null,4.794705153210286
100,1385865000000,39,null,0.04077425482833716,null,null,4.983374058462072
100,1385865000000,43,null,null,null,null,0.04077425482833716
100,1385865600000,359,0.04077425482833716,null,null,null,null
100,1385865600000,39,null,0.08154850965667432,null,0.04077425482833716,4.42098025135974
100,1385865600000,43,null,null,null,null,0.04077425482833716
100,1385866200000,1,null,null,null,null,0.04077425482833716
100,1385866200000,39,null,null,0.04077425482833716,null,3.9536481707051028
100,1385866200000,43,null,null,null,null,0.04077425482833716
100,1385866800000,39,0.12232276448501149,null,null,0.08154850965667432,4.631608133896936
100,1385866800000,43,null,null,null,null,0.04077425482833716
100,1385867400000,39,null,0.07985935755779676,null,0.12232276448501149,4.096475364831921
100,1385868000000,39,null,null,0.07985935755779676,null,4.429426011854128
100,1385868600000,39,null,null,null,null,4.230622194009075
100,1385869200000,39,null,0.04077425482833716,null,0.07985935755779676,3.0515471081850523
100,1385869800000,39,null,null,null,0.004229945055975969,4.628229829699181
100,1385870400000,33,null,null,null,null,0.04077425482833716
100,1385870400000,39,null,null,null,null,7.066473963360298
100,1385871000000,0,0.07985935755779676,null,null,null,null
100,1385871000000,39,0.39929678778898375,0.15971871511559352,null,0.20049296994393068,4.777813632221509
100,1385871600000,39,null,null,null,0.07985935755779676,4.708089187256978
100,1385871600000,43,null,null,null,null,0.04077425482833716
100,1385872200000,39,null,null,null,0.08154850965667432,4.866118750273694
100,1385872200000,43,null,null,null,null,0.04077425482833716
100,1385872800000,39,null,null,null,0.07985935755779676,4.575631510178701
100,1385873400000,39,null,null,0.08408930261377273,0.04077425482833716,3.865343052652918
100,1385873400000,43,null,null,null,null,0.04077425482833716
100,1385874000000,39,null,null,0.04077425482833716,0.04077425482833716,5.114142583441472
100,1385874000000,43,null,null,null,null,0.04077425482833716
100,1385874600000,39,null,0.04077425482833716,null,null,4.257883232046391
100,1385874600000,43,null,null,null,null,0.04077425482833716
100,1385875200000,39,0.16309701931334863,null,0.07985935755779676,0.04077425482833716,4.796394305309162
100,1385875800000,39,null,null,0.04077425482833716,null,4.866118750273694
100,1385876400000,0,null,null,null,0.04077425482833716,null
100,1385876400000,39,null,null,null,0.08154850965667432,4.910271309299786
100,1385877000000,0,0.04077425482833716,null,null,0.04077425482833716,null
100,1385877000000,39,null,0.07985935755779676,null,0.12063361238613392,5.545767865564405
100,1385877000000,43,null,null,null,null,0.04077425482833716
100,1385877600000,39,0.15971871511559352,null,null,null,4.827033647544234
100,1385877600000,49,null,0.04077425482833716,null,null,null
100,1385878200000,0,0.07985935755779676,null,null,null,null
100,1385878200000,39,null,null,0.04077425482833716,null,4.463443658286955
100,1385878800000,39,0.04077425482833716,null,null,0.04077425482833716,4.949356412029245
100,1385878800000,86,null,null,0.04077425482833716,null,null
100,1385879400000,0,null,null,null,0.15971871511559352,null
100,1385879400000,39,0.04077425482833716,null,null,null,6.947529503073042
100,1385880000000,0,0.15971871511559352,null,null,null,null
100,1385880000000,39,0.20218212204280825,null,null,0.07985935755779676,4.378516844432525
100,1385880000000,43,null,null,null,null,0.08154850965667432
100,1385880600000,0,0.07985935755779676,null,null,null,null
100,1385880600000,39,0.04077425482833716,0.12232276448501149,0.04077425482833716,null,5.58147466409611
100,1385881200000,0,0.08577845471265029,null,null,null,null
100,1385881200000,39,0.04077425482833716,null,0.04077425482833716,null,8.029853710350492
100,1385881200000,43,null,null,null,null,0.04077425482833716
100,1385881800000,0,0.04077425482833716,null,null,null,null
100,1385881800000,39,0.1614078672144711,0.07985935755779676,0.07985935755779676,0.04077425482833716,5.146471077775421
100,1385882400000,39,0.23957807267339026,null,0.08154850965667432,0.04077425482833716,5.739504227112826
100,1385883000000,0,0.20218212204280825,null,null,null,null
100,1385883000000,39,0.23957807267339026,0.04077425482833716,0.12232276448501149,0.282041479600605,7.475905663742548
100,1385883000000,62,null,0.07985935755779676,null,null,null
100,1385883600000,0,0.16309701931334863,null,null,null,null
100,1385883600000,39,0.15971871511559352,null,0.04077425482833716,null,7.8310498925054395
100,1385884200000,0,0.32619403862669727,null,null,null,null
100,1385884200000,39,0.04077425482833716,null,0.24126722477226784,0.20049296994393068,6.478508270319527
100,1385884200000,41,null,null,null,null,0.07985935755779676
100,1385884200000,46,null,null,null,null,0.04077425482833716
100,1385884800000,0,0.08577845471265029,null,null,null,null
100,1385884800000,33,null,null,null,null,0.04077425482833716
100,1385884800000,39,0.07985935755779676,null,0.12232276448501149,0.12232276448501149,13.842460686625603
100,1385885400000,0,0.25395705994019574,null,null,null,null
100,1385885400000,39,0.28627142465658095,0.08154850965667432,0.20218212204280825,0.282041479600605,11.514715252757355
100,1385886000000,0,0.04077425482833716,null,null,null,null
100,1385886000000,39,0.04500419988431313,null,0.15971871511559352,0.41451328629644596,10.328648954082547
100,1385886000000,43,0.07985935755779676,null,null,null,null
100,1385886000000,960,0.07985935755779676,0.07985935755779676,null,null,null
100,1385886600000,0,0.3881180187349143,null,null,0.08154850965667432,null
100,1385886600000,33,null,null,null,null,0.04077425482833716
100,1385886600000,39,0.07985935755779676,0.04077425482833716,0.1614078672144711,0.04500419988431313,8.891180518042205
100,1385887200000,0,0.1673269643693246,null,null,null,null
100,1385887200000,39,0.12232276448501149,0.2429563768711454,0.09000839976862626,0.33042398368267323,12.663150996346307
100,1385887800000,0,0.30319120488048484,null,null,null,null
100,1385887800000,33,null,null,null,null,0.04077425482833716
100,1385887800000,39,0.09000839976862626,null,0.5216195522739953,0.3661307822143777,10.208866982554634
100,1385887800000,41,null,null,null,null,0.12063361238613392
100,1385887800000,49,null,null,null,null,0.04077425482833716
100,1385888400000,0,0.24972711488421978,null,null,null,null
100,1385888400000,39,0.08154850965667432,0.12063361238613392,0.16563781227044705,0.37204987936923123,10.32020319358816
100,1385889000000,0,0.2038712741416858,null,null,null,null
100,1385889000000,39,0.2845822725577034,0.24126722477226784,0.20218212204280825,0.36190083715840177,12.287736942396883
100,1385889600000,0,0.2905013697125569,null,null,null,null
100,1385889600000,33,null,null,null,null,0.04077425482833716
100,1385889600000,380,0.07985935755779676,null,null,null,null
100,1385889600000,39,0.12232276448501149,0.4400710426173209,0.12232276448501149,0.5657721113000875,14.59099673564019
100,1385889600000,421,0.04077425482833716,0.04077425482833716,null,null,null
100,1385890200000,0,0.4493684439699296,null,null,null,null
100,1385890200000,39,0.3635899892572793,0.08154850965667432,0.28627142465658095,0.5623938071023324,14.870497422283695
100,1385890200000,41,0.07985935755779676,0.07985935755779676,null,null,null
100,1385890200000,43,null,null,null,null,0.04077425482833716
100,1385890800000,0,0.29219052181143446,null,null,null,null
100,1385890800000,33,null,null,null,null,0.04077425482833716
100,1385890800000,39,0.16563781227044705,0.28373063169948254,0.3245048865278197,0.4493684439699296,10.1503495658793
100,1385890800000,43,null,null,null,null,0.04077425482833716
100,1385890800000,44,null,null,null,null,0.07985935755779676
100,1385891400000,0,0.40690503704271486,null,null,null,null
100,1385891400000,32,null,null,0.07985935755779676,null,null
100,1385891400000,33,null,null,null,null,0.04077425482833716
100,1385891400000,39,0.20218212204280825,0.08154850965667432,0.5275386494288488,0.7662650812440182,17.481973487851427
100,1385891400000,421,0.04077425482833716,null,null,null,null
100,1385891400000,48,null,0.07985935755779676,null,null,null
100,1385892000000,0,0.12655270954098746,null,null,null,null
100,1385892000000,32,null,null,null,null,0.04077425482833716
100,1385892000000,39,0.3211265823300646,0.36190083715840177,0.16309701931334863,0.4026750919867389,18.200707705871597
100,1385892600000,0,0.13332344755406184,null,null,null,null
100,1385892600000,39,0.8070393360723553,0.3635899892572793,0.28541978379836014,0.6864057236862215,21.357686057552886
100,1385892600000,44,0.07985935755779676,null,null,null,null
100,1385893200000,0,0.32704567948491814,null,null,null,null
100,1385893200000,33,null,null,null,null,0.04077425482833716
100,1385893200000,39,0.6473206209567619,0.282041479600605,0.28373063169948254,0.1614078672144711,21.915012408358585
100,1385893200000,41,null,null,0.12232276448501149,null,null
100,1385893800000,0,0.12655270954098746,null,null,null,null
100,1385893800000,359,0.23957807267339026,0.07985935755779676,null,null,null
100,1385893800000,39,0.3211265823300646,0.20218212204280825,0.3211265823300646,0.48253444954453567,13.274999423226639
100,1385893800000,44,null,null,null,null,0.04077425482833716
100,1385894400000,0,0.12655270954098746,null,null,null,null
100,1385894400000,1,null,null,null,null,0.07985935755779676
100,1385894400000,33,null,null,null,null,0.04077425482833716
100,1385894400000,359,0.04077425482833716,0.04077425482833716,null,null,null
100,1385894400000,39,0.6422531646601292,1.8809177828554178,0.5199304001751177,0.3652791413561569,20.554876666536508
100,1385895000000,0,0.282041479600605,null,null,null,null
100,1385895000000,39,0.5233087043728728,0.12232276448501149,0.5623938071023324,0.6880948757850991,19.87944336668421
100,1385895000000,86,null,null,null,0.04077425482833716,null
100,1385895600000,0,0.28627142465658095,null,null,null,null
100,1385895600000,33,null,null,null,null,0.04077425482833716
100,1385895600000,39,0.36696829345503446,0.1614078672144711,0.5249978564717503,0.5674612633989651,19.254081723012856
100,1385896200000,0,0.04077425482833716,null,null,null,null
100,1385896200000,39,0.48422360164341327,0.2429563768711454,0.48422360164341327,0.6048572140295472,14.933230654397443
100,1385896200000,66,0.04077425482833716,null,null,null,null
100,1385896800000,0,0.16309701931334863,null,null,null,null
100,1385896800000,33,null,null,null,null,0.04077425482833716
100,1385896800000,39,0.7696433854417734,0.28373063169948254,0.4434493468150761,0.41451328629644596,16.085279306639425
100,1385897400000,0,0.08577845471265029,null,null,null,null
100,1385897400000,39,0.6048572140295472,0.3635899892572793,0.24464552897002298,0.20218212204280825,17.407181586590266
100,1385898000000,0,0.654928870210493,null,null,null,null
100,1385898000000,221,null,null,null,0.04077425482833716,null
100,1385898000000,33,null,null,null,null,0.04077425482833716
100,1385898000000,39,0.5657721113000875,0.24464552897002298,0.5674612633989651,0.4434493468150761,18.949846661671565
100,1385898600000,0,0.20472291499990664,null,null,null,null
100,1385898600000,39,0.6031680619306695,0.5233087043728728,0.2038712741416858,0.2429563768711454,14.577248914393893
100,1385898600000,421,0.08154850965667432,null,null,null,null
100,1385899200000,212,null,null,null,0.04077425482833716,null
100,1385899200000,39,0.24126722477226784,0.3211265823300646,0.28373063169948254,0.32535652738604054,20.252330757294096
100,1385899800000,0,0.08577845471265029,null,null,null,null
100,1385899800000,33,null,null,null,null,0.08154850965667432
100,1385899800000,39,0.3245048865278197,0.04077425482833716,0.12909350249808585,0.20218212204280825,12.366758788714023
100,1385900400000,0,0.24972711488421978,null,null,null,null
100,1385900400000,39,0.012689835167927908,0.12063361238613392,0.24126722477226784,0.20218212204280825,11.217236799811577
100,1385901000000,0,0.08831924766974869,null,null,null,null
100,1385901000000,33,null,null,null,null,0.04077425482833716
100,1385901000000,39,0.04077425482833716,null,0.20218212204280825,0.20641206709878424,13.171257331829281
100,1385901000000,421,0.12232276448501149,0.04077425482833716,null,null,null
100,1385901600000,0,0.0492341449402891,null,null,null,null
100,1385901600000,39,0.6880948757850991,0.20218212204280825,0.36190083715840177,0.44176019471619854,10.835066137466644
100,1385901600000,91,null,null,null,0.04077425482833716,null
100,1385902200000,0,0.2454971698282438,null,null,null,null
100,1385902200000,33,null,null,null,null,0.04077425482833716
100,1385902200000,39,1.0092214581151637,0.24464552897002298,0.3228157344289422,0.8019718797757227,14.21618558847615
100,1385902200000,41,null,null,null,0.07985935755779676,null
100,1385902800000,0,0.24972711488421978,null,null,null,null
100,1385902800000,33,null,null,null,null,0.04077425482833716
100,1385902800000,39,0.1673269643693246,0.08154850965667432,0.04077425482833716,0.12063361238613392,15.937384656215976
100,1385903400000,0,0.2879605767554585,null,null,null,null
100,1385903400000,359,null,null,0.04077425482833716,null,null
100,1385903400000,39,0.04077425482833716,0.5607046550034549,0.282041479600605,0.20218212204280825,18.76479066507281
100,1385904000000,0,0.2930421626696553,null,null,null,null
100,1385904000000,33,null,null,null,null,0.08154850965667432
100,1385904000000,39,0.282041479600605,0.20218212204280825,0.36190083715840177,0.20472291499990664,14.634297653808062
100,1385904000000,46,null,null,null,null,0.04077425482833716
100,1385904000000,48,null,null,null,null,0.04077425482833716
100,1385904600000,0,0.004229945055975969,null,null,null,null
100,1385904600000,33,null,0.04077425482833716,null,null,null
100,1385904600000,39,0.33042398368267323,0.282041479600605,0.16309701931334863,0.20049296994393068,13.449934636849695
100,1385904600000,49,null,null,null,null,0.04077425482833716
100,1385905200000,0,0.12063361238613392,null,null,null,null
100,1385905200000,39,0.1614078672144711,0.12063361238613392,0.44682765101283123,0.12909350249808585,12.956413633853675
100,1385905200000,48,null,null,0.08154850965667432,null,null
100,1385905800000,0,0.44682765101283123,null,null,null,null
100,1385905800000,33,null,null,null,null,0.04077425482833716
100,1385905800000,39,0.07985935755779676,0.3635899892572793,0.282041479600605,0.24126722477226784,15.443040271596859
100,1385906400000,0,0.12486355744210989,null,null,null,null
100,1385906400000,39,0.20218212204280825,0.32619403862669727,0.2429563768711454,0.16309701931334863,17.369785635959683
100,1385906400000,40,null,null,null,0.04077425482833716,null
100,1385906400000,41,null,null,null,0.04077425482833716,null
100,1385907000000,0,0.04500419988431313,null,null,null,null
100,1385907000000,33,null,null,null,null,0.04077425482833716
100,1385907000000,34,null,null,null,null,0.12063361238613392
100,1385907000000,39,0.20218212204280825,0.1614078672144711,0.20049296994393068,0.3245048865278197,26.15938242361396
100,1385907600000,0,0.25564621203907334,null,null,null,null
100,1385907600000,20,null,null,null,0.004229945055975969,null
100,1385907600000,39,0.18001679953725253,0.16309701931334863,0.24126722477226784,0.4434493468150761,22.412749226793018
100,1385907600000,40,0.07985935755779676,null,null,null,null
100,1385907600000,41,null,0.04077425482833716,null,null,null
100,1385907600000,49,null,null,null,null,0.04077425482833716
100,1385908200000,0,0.04077425482833716,null,null,null,null
100,1385908200000,33,null,null,null,null,0.04077425482833716
100,1385908200000,359,null,null,null,0.04077425482833716,null
100,1385908200000,39,0.2429563768711454,0.04077425482833716,0.20218212204280825,0.3652791413561569,18.874451853625022
100,1385908800000,0,0.12063361238613392,null,null,null,null
100,1385908800000,39,0.20641206709878424,0.12063361238613392,0.3211265823300646,0.282041479600605,21.000852676691117
100,1385908800000,43,null,null,null,null,0.04077425482833716
100,1385909400000,0,0.1673269643693246,null,null,null,null
100,1385909400000,39,0.7611976249473855,0.12232276448501149,0.282041479600605,0.3245048865278197,20.795292250450554
100,1385909400000,421,0.16309701931334863,0.16309701931334863,null,null,null
100,1385910000000,0,0.07985935755779676,null,null,null,null
100,1385910000000,39,0.2429563768711454,0.1614078672144711,0.48422360164341327,0.48253444954453567,24.550371207765878
100,1385910600000,0,0.04077425482833716,0.07985935755779676,null,null,null
100,1385910600000,33,null,null,null,null,0.04077425482833716
100,1385910600000,39,0.48845354669938923,0.5199304001751177,0.2429563768711454,0.282041479600605,33.00340443974491
100,1385911200000,0,0.12063361238613392,null,null,null,null
100,1385911200000,33,null,null,null,null,0.04077425482833716
100,1385911200000,39,0.16563781227044705,0.36190083715840177,0.20218212204280825,0.5249978564717503,20.207326557409782
100,1385911200000,41,null,null,null,null,0.12063361238613392
100,1385911200000,49,null,null,null,null,0.07985935755779676
100,1385911800000,0,0.20641206709878424,null,null,null,null
100,1385911800000,33,null,null,null,null,0.04077425482833716
100,1385911800000,359,null,0.04077425482833716,null,null,null
100,1385911800000,39,0.28373063169948254,0.12063361238613392,0.32704567948491814,0.4043642440856165,17.840496020812076
100,1385911800000,49,null,null,null,null,0.04077425482833716
100,1385912400000,0,0.3703607272703537,null,null,0.04077425482833716,null
100,1385912400000,32,null,null,null,null,0.04077425482833716
100,1385912400000,39,0.282041479600605,0.23957807267339026,0.4026750919867389,0.5623938071023324,21.31945259568165
100,1385912400000,421,0.04077425482833716,null,null,null,null
100,1385912400000,49,null,null,null,null,0.04077425482833716
100,1385913000000,0,0.24718632192712137,null,null,null,null
100,1385913000000,39,0.24126722477226784,0.12232276448501149,0.6498614139138603,0.3211265823300646,22.930152963628604
